INSERT INTO public.user (id, role, password, email) VALUES
    ('daniel','ROLE_USER','123','daniel'),
    ('henri','ROLE_USER','123','henri'),
    ('nico','ROLE_USER','123','nico'),
    ('hector','ROLE_USER','123','hector'),
    ('marie','ROLE_USER','123','marie'),
    ('lucie','ROLE_USER','123','lucie'),
    ('sarah','ROLE_USER','123','sarah'),
    ('joseph','ROLE_USER','123','joseph'),
    ('marine','ROLE_USER','123','marine'),
    ('arthur','ROLE_USER','123','arthur'),
    ('patric','ROLE_USER','123','patric'),
    ('bob','ROLE_USER','123','bob'),
    ('julie','ROLE_USER','123','julie');

INSERT INTO public.user_friend (user1,user2) VALUES
    ('daniel', 'julie'),
    ('julie','daniel'),
    ('nico','hector'),
    ('hector','nico'),
    ('marie','lucie'),
    ('lucie','marie'),
    ('sarah','joseph'),
    ('joseph','sarah'),
    ('marine','arthur'),
    ('arthur','marine'),
    ('patric','bob'),
    ('bob','patric'),
    ('daniel','bob'),
    ('bob','daniel'),
    ('julie','patric'),
    ('patric','julie'),
    ('julie','bob'),
    ('bob','julie'),
    ('daniel','hector'),
    ('hector','daniel'),
    ('daniel','nico'),
    ('nico','daniel'),
    ('joseph','henri'),
    ('henri','joseph');

INSERT INTO public.subject (subject_name) VALUES
    ('Travel'),
    ('Cooking'),
    ('Sports'),
    ('Music'),
    ('Art'),
    ('Science'),
    ('History'),
    ('Literature'),
    ('Math'),
    ('Philosophy');

INSERT INTO user_subject (user_id, subject_name) VALUES
    ('daniel','Travel'),
    ('daniel','Science'),
    ('daniel','Math'),
    ('henri','Cooking'),
    ('henri','Sports'),
    ('henri','Music'),
    ('nico','Art'),
    ('nico','History'),
    ('nico','Literature'),
    ('hector','Math'),
    ('hector','Philosophy'),
    ('hector','Science'),
    ('marie','Travel'),
    ('marie','Cooking'),
    ('marie','Sports'),
    ('lucie','Music'),
    ('lucie','Art'),
    ('lucie','History'),
    ('sarah','Literature'),
    ('sarah','Math'),
    ('sarah','Philosophy'),
    ('joseph','Travel'),
    ('joseph','Science'),
    ('joseph','Music'),
    ('marine','Cooking'),
    ('marine','Sports'),
    ('marine','Art'),
    ('arthur','History'),
    ('arthur','Literature'),
    ('arthur','Math'),
    ('patric','Philosophy'),
    ('patric','Travel'),
    ('patric','Science'),
    ('bob','Music'),
    ('bob','Cooking'),
    ('bob','Sports'),
    ('julie','Art'),
    ('julie','History'),
    ('julie','Literature');